"Title","Description","Image","Image Alt Text","ID","Created Date","Updated Date","Owner","Publish Date","Unpublish Date","Status"
"Montclair White Quartz","<p class=""font_8"">Quartz</p>","wix:image://v1/866235_3605f0ac34304b198e39b09463deada9~mv2.png/Montclair_White_Quartz.png#originWidth=1000&originHeight=1000",,"07d9425b-1646-4844-9037-a48951b41cb3",2026-04-20T18:04:13Z,2026-04-20T18:12:27Z,"86623596-2b11-4ff5-aa33-cf74cb1ae58a",2026-04-20T18:02:27Z,,"PUBLISHED"
"Macbo Gray","<p class=""font_8"">Quartz</p>","wix:image://v1/866235_db3da74ed21a49509920a72195365c0c~mv2.png/Macbo_Gray.png#originWidth=1000&originHeight=1000",,"0ce69e19-1f81-49fa-aee5-1e04cbc5b530",2026-04-20T18:04:10Z,2026-04-20T18:12:20Z,"86623596-2b11-4ff5-aa33-cf74cb1ae58a",2026-04-20T18:02:27Z,,"PUBLISHED"
"Winter Carnival","<p class=""font_8"">Laminate</p>","wix:image://v1/866235_7f479a4fe08a4feeb89045ec8a3bdef8~mv2.jpg/winter_carnival.jpg#originWidth=1200&originHeight=1200",,"1c3007a3-f8b0-4f98-af86-ddc479ed5d18",2026-04-20T18:03:27Z,2026-04-20T18:11:48Z,"86623596-2b11-4ff5-aa33-cf74cb1ae58a",2026-04-20T18:02:27Z,,"PUBLISHED"
"Spring Carnival","<p class=""font_8"">Laminate</p>","wix:image://v1/866235_2b6c5a5084044ab2a20362c59a2e4df0~mv2.jpg/spring_carnival.jpg#originWidth=1200&originHeight=1200",,"1cc07c4f-4bcc-490d-b353-fb92bc3a54c5",2026-04-20T18:03:24Z,2026-04-20T18:11:40Z,"86623596-2b11-4ff5-aa33-cf74cb1ae58a",2026-04-20T18:02:27Z,,"PUBLISHED"
"Sparkling White","<p class=""font_8"">Quartz</p>","wix:image://v1/866235_e0c555e9c9a945b4802a609daff257f0~mv2.png/Sparkling-White.png#originWidth=2000&originHeight=2000",,"27ee23e6-c6f9-4bc9-ac3a-2b9eef9d2ea6",2026-04-20T18:04:40Z,2026-04-20T18:12:55Z,"86623596-2b11-4ff5-aa33-cf74cb1ae58a",2026-04-20T18:02:27Z,,"PUBLISHED"
"Sparkling Black Quartz","<p class=""font_8"">Quartz</p>","wix:image://v1/866235_941386aaf9ed455dae365a1b884a0051~mv2.png/Sparkling_Black_Quartz.png#originWidth=1000&originHeight=1000",,"2c22350c-d849-451a-8b1f-1816629a895c",2026-04-20T18:04:21Z,2026-04-20T18:13:28Z,"86623596-2b11-4ff5-aa33-cf74cb1ae58a",2026-04-20T18:02:27Z,,"PUBLISHED"
"Chakra Beige","<p class=""font_8"">Quartz</p>","wix:image://v1/866235_c5417f1633da4220a201e5e8748e7a44~mv2.jpg/Chakra-Beige.jpg#originWidth=1000&originHeight=1000",,"392c262d-e2ac-40f6-984a-c4a24827b714",2026-04-20T18:04:06Z,2026-04-20T18:12:13Z,"86623596-2b11-4ff5-aa33-cf74cb1ae58a",2026-04-20T18:02:27Z,,"PUBLISHED"
"Pearl Soapstone","<p class=""font_8"">Laminate</p>","wix:image://v1/866235_1e044bd4124d4d949d95eabfdcd9b3d8~mv2.jpg/pearl_soapstone.jpg#originWidth=1200&originHeight=1200",,"5dffa2fa-f713-4c8b-8077-09281632e349",2026-04-20T18:03:21Z,2026-04-20T18:11:31Z,"86623596-2b11-4ff5-aa33-cf74cb1ae58a",2026-04-20T18:02:27Z,,"PUBLISHED"
"Coulter Pine","<p class=""font_8"">Laminate</p>","wix:image://v1/866235_7c3c629408f446e3ba1ea93227f9162f~mv2.jpg/coulter_pine.jpg#originWidth=1200&originHeight=1200",,"5f7244b9-df8a-4d08-8bc5-36aa51ccfa20",2026-04-20T18:03:10Z,2026-04-20T18:11:07Z,"86623596-2b11-4ff5-aa33-cf74cb1ae58a",2026-04-20T18:02:27Z,,"PUBLISHED"
"Ebony Fusion","<p class=""font_8"">Laminate</p>","wix:image://v1/866235_7bbf684f48ad4cdba45fa4c1bd5d78fc~mv2.jpg/ebony_fusion.jpg#originWidth=1200&originHeight=1200",,"63b0fa0e-b11d-429c-8931-1ec68c1ff9d4",2026-04-20T18:03:14Z,2026-04-20T18:11:15Z,"86623596-2b11-4ff5-aa33-cf74cb1ae58a",2026-04-20T18:02:27Z,,"PUBLISHED"
"Cafe De Pesco","<p class=""font_8"">Laminate</p>","wix:image://v1/866235_71b433b2d32c4a9e859912e76899b7bd~mv2.jpg/cafe_de_pesco.jpg#originWidth=1134&originHeight=1134",,"64341b49-d10a-4927-85b7-69dc25b3c5d8",2026-04-20T18:03:04Z,2026-04-20T18:10:47Z,"86623596-2b11-4ff5-aa33-cf74cb1ae58a",2026-04-20T18:02:27Z,,"PUBLISHED"
"Bayshore Sand","<p class=""font_8"">Quartz</p>","wix:image://v1/866235_19ca0e80310448a39a738add70f74f66~mv2.jpg/Bayshore-Sand.jpg#originWidth=1000&originHeight=1000",,"7b39f59c-785d-463b-bb93-9cecb99ef3f1",2026-04-20T18:04:03Z,2026-04-20T18:12:05Z,"86623596-2b11-4ff5-aa33-cf74cb1ae58a",2026-04-20T18:02:27Z,,"PUBLISHED"
"Autumn Carnival","<p class=""font_8"">Laminate</p>","wix:image://v1/866235_c31bfba90ab84b36b2e4617296f3483c~mv2.jpg/autumn_carnival.jpg#originWidth=1200&originHeight=1200",,"8074602c-24d7-4066-ab45-b346fa20a2a4",2026-04-20T18:02:44Z,2026-04-20T18:10:12Z,"86623596-2b11-4ff5-aa33-cf74cb1ae58a",2026-04-20T18:02:27Z,,"PUBLISHED"
"Grigio Mix Mosaic","<p class=""font_8"">Laminate</p>","wix:image://v1/866235_e85e4d68c87c438d81d2a54d9f05eae4~mv2.jpg/grigio_mix_mosaic.jpg#originWidth=1016&originHeight=1016",,"a34c5888-36c4-43ba-b37b-4d0f647c3a96",2026-04-20T18:03:17Z,2026-04-20T18:11:23Z,"86623596-2b11-4ff5-aa33-cf74cb1ae58a",2026-04-20T18:02:27Z,,"PUBLISHED"
"Black Alicante","<p class=""font_8"">Laminate</p>","wix:image://v1/866235_3d5423ccc17845e99ec118c7fd749860~mv2.jpg/black_alicante.jpg#originWidth=1200&originHeight=1200",,"aa544675-d099-4988-afb0-4fc576495563",2026-04-20T18:02:57Z,2026-04-20T18:10:21Z,"86623596-2b11-4ff5-aa33-cf74cb1ae58a",2026-04-20T18:02:27Z,,"PUBLISHED"
"Soapstone Quartz","<p class=""font_8"">Quartz</p>","wix:image://v1/866235_0115da870f814b68961a91c1667ec8e9~mv2.png/Soapstone_Quartz.png#originWidth=1000&originHeight=1000",,"b4c2f9aa-a700-4b99-bd8d-82a1dfe46c8b",2026-04-20T18:04:17Z,2026-04-20T18:12:35Z,"86623596-2b11-4ff5-aa33-cf74cb1ae58a",2026-04-20T18:02:27Z,,"PUBLISHED"
"Bronzite","<p class=""font_8"">Laminate</p>","wix:image://v1/866235_499f44d1a32145818c10858587cf14d8~mv2.jpg/bronzite.jpg#originWidth=1200&originHeight=1200",,"c079ddce-b9f7-4f33-9d9f-cc2b13651dc5",2026-04-20T18:03:00Z,2026-04-20T18:10:32Z,"86623596-2b11-4ff5-aa33-cf74cb1ae58a",2026-04-20T18:02:27Z,,"PUBLISHED"
"Calcutta Marble","<p class=""font_8"">Laminate</p>","wix:image://v1/866235_22f7acba252a419a98d7c1af27e10462~mv2.jpg/calcutta_marble.jpg#originWidth=300&originHeight=300",,"d72c7ab2-f889-46f3-b6cc-49d1b986245d",2026-04-20T18:03:07Z,2026-04-20T18:10:57Z,"86623596-2b11-4ff5-aa33-cf74cb1ae58a",2026-04-20T18:02:27Z,,"PUBLISHED"
"Alabaster White Quartz","<p class=""font_8"">Quartz</p>","wix:image://v1/866235_85a470d14dcc46adb414de7ded2bf408~mv2.png/Alabaster_White_Quartz.png#originWidth=1000&originHeight=1000",,"f962db70-ec11-4bbb-aee6-48eb9e5fba3f",2026-04-20T18:03:41Z,2026-04-20T18:11:57Z,"86623596-2b11-4ff5-aa33-cf74cb1ae58a",2026-04-20T18:02:27Z,,"PUBLISHED"
